trip_id,driver_id,timestamp,safe_driving_score,driver_category,driver_category_ar,trip_duration_minutes,avg_speed,max_speed,harsh_brakes_count,harsh_accels_count,lane_changes_count,speeding_percentage,avg_congestion,avg_visibility,road_type,actual_driver_type,time_of_day,weather,recommendation,recommendation_ar
6c220ab9,7f7590dd,2025-12-11 19:33:09.632717,0.0,risky,خطر,18.0,92.4,154.82,238,137,11,12.87,0.21,100.0,highway,distracted,midday,clear,يجب تحسين أسلوب القيادة فوراً - تجنب السرعة الزائدة والفرملة الحادة,يجب تحسين أسلوب القيادة فوراً - تجنب السرعة الزائدة والفرملة الحادة
e65c5330,97a42175,2025-12-11 19:33:09.688938,61.56,moderate,معتدل,43.0,106.66,123.31,13,0,3,0.47,0.085,20.0,highway,safe,late_night,sandstorm,جيد، لكن يمكن تحسين القيادة بتقليل الفرملة الحادة,جيد، لكن يمكن تحسين القيادة بتقليل الفرملة الحادة
b02c75f0,e388c802,2025-12-11 19:33:09.733356,0.0,risky,خطر,36.0,23.82,76.98,363,124,22,2.36,0.96,30.0,city_street,aggressive,evening_rush,fog,يجب تحسين أسلوب القيادة فوراً - تجنب السرعة الزائدة والفرملة الحادة,يجب تحسين أسلوب القيادة فوراً - تجنب السرعة الزائدة والفرملة الحادة
707c3ae0,3685d56d,2025-12-11 19:33:09.793956,0.0,risky,خطر,18.0,93.01,123.09,46,16,2,0.09,0.073,100.0,highway,moderate,late_night,clear,يجب تحسين أسلوب القيادة فوراً - تجنب السرعة الزائدة والفرملة الحادة,يجب تحسين أسلوب القيادة فوراً - تجنب السرعة الزائدة والفرملة الحادة
9974c587,41923037,2025-12-11 19:33:09.807986,0.0,risky,خطر,20.0,30.98,78.0,189,84,8,6.42,0.636,70.0,city_street,aggressive,midday,light_rain,يجب تحسين أسلوب القيادة فوراً - تجنب السرعة الزائدة والفرملة الحادة,يجب تحسين أسلوب القيادة فوراً - تجنب السرعة الزائدة والفرملة الحادة
7b261fce,46a4fe9a,2025-12-11 19:33:09.835563,0.0,risky,خطر,41.0,48.54,103.68,497,260,28,5.85,0.881,40.0,main_road,distracted,evening_rush,heavy_rain,يجب تحسين أسلوب القيادة فوراً - تجنب السرعة الزائدة والفرملة الحادة,يجب تحسين أسلوب القيادة فوراً - تجنب السرعة الزائدة والفرملة الحادة
34454c9c,364afe6d,2025-12-11 19:33:09.893471,0.0,risky,خطر,38.0,27.86,52.0,376,136,16,24.78,0.178,20.0,residential,aggressive,night,sandstorm,يجب تحسين أسلوب القيادة فوراً - تجنب السرعة الزائدة والفرملة الحادة,يجب تحسين أسلوب القيادة فوراً - تجنب السرعة الزائدة والفرملة الحادة
93fca64a,c15e0831,2025-12-11 19:33:09.949413,0.0,risky,خطر,37.0,38.3,93.16,397,148,14,0.81,0.125,100.0,main_road,aggressive,late_night,clear,يجب تحسين أسلوب القيادة فوراً - تجنب السرعة الزائدة والفرملة الحادة,يجب تحسين أسلوب القيادة فوراً - تجنب السرعة الزائدة والفرملة الحادة
a50118de,46567657,2025-12-11 19:33:10.082300,0.0,risky,خطر,52.0,24.91,78.0,628,321,35,4.71,0.96,70.0,city_street,distracted,morning_rush,light_rain,يجب تحسين أسلوب القيادة فوراً - تجنب السرعة الزائدة والفرملة الحادة,يجب تحسين أسلوب القيادة فوراً - تجنب السرعة الزائدة والفرملة الحادة
920b40d4,a4e10a29,2025-12-11 19:33:10.188351,53.53,moderate,معتدل,43.0,106.69,124.26,15,0,2,0.35,0.217,70.0,highway,safe,midday,light_rain,جيد، لكن يمكن تحسين القيادة بتقليل الفرملة الحادة,جيد، لكن يمكن تحسين القيادة بتقليل الفرملة الحادة
1b7b005c,299f8e08,2025-12-11 19:33:10.232790,0.0,risky,خطر,40.0,22.23,78.0,425,167,24,1.79,0.958,100.0,city_street,aggressive,morning_rush,clear,يجب تحسين أسلوب القيادة فوراً - تجنب السرعة الزائدة والفرملة الحادة,يجب تحسين أسلوب القيادة فوراً - تجنب السرعة الزائدة والفرملة الحادة
913cc687,fa80ede5,2025-12-11 19:33:10.293844,32.45,risky,خطر,28.0,58.97,71.87,10,0,1,47.86,0.959,70.0,city_street,safe,morning_rush,light_rain,يجب تحسين أسلوب القيادة فوراً - تجنب السرعة الزائدة والفرملة الحادة,يجب تحسين أسلوب القيادة فوراً - تجنب السرعة الزائدة والفرملة الحادة
c33908b1,263985ef,2025-12-11 19:33:10.331084,0.0,risky,خطر,27.0,32.36,78.0,261,102,17,7.04,0.298,20.0,city_street,aggressive,night,sandstorm,يجب تحسين أسلوب القيادة فوراً - تجنب السرعة الزائدة والفرملة الحادة,يجب تحسين أسلوب القيادة فوراً - تجنب السرعة الزائدة والفرملة الحادة
815042fd,4b2eacf5,2025-12-11 19:33:10.367497,0.0,risky,خطر,22.0,91.51,123.65,65,9,3,0.53,0.112,100.0,highway,moderate,night,clear,يجب تحسين أسلوب القيادة فوراً - تجنب السرعة الزائدة والفرملة الحادة,يجب تحسين أسلوب القيادة فوراً - تجنب السرعة الزائدة والفرملة الحادة
958d3f14,f0a1263d,2025-12-11 19:33:10.436540,0.0,risky,خطر,28.0,20.33,52.0,271,100,13,10.83,0.624,20.0,residential,aggressive,evening_rush,sandstorm,يجب تحسين أسلوب القيادة فوراً - تجنب السرعة الزائدة والفرملة الحادة,يجب تحسين أسلوب القيادة فوراً - تجنب السرعة الزائدة والفرملة الحادة
f2b1d429,94c5841a,2025-12-11 19:33:10.544077,89.99,safe,آمن,14.0,70.86,85.28,3,0,2,2.86,0.773,70.0,main_road,safe,evening_rush,light_rain,ممتاز! استمر على هذا الأداء,ممتاز! استمر على هذا الأداء
51ee4209,27a0083e,2025-12-11 19:33:10.564615,0.0,risky,خطر,13.0,27.11,78.0,157,85,11,4.74,0.961,40.0,city_street,distracted,evening_rush,heavy_rain,يجب تحسين أسلوب القيادة فوراً - تجنب السرعة الزائدة والفرملة الحادة,يجب تحسين أسلوب القيادة فوراً - تجنب السرعة الزائدة والفرملة الحادة
5f4fe62a,a9557378,2025-12-11 19:33:10.652380,0.0,risky,خطر,11.0,58.93,110.7,112,51,6,0.0,0.169,100.0,highway,aggressive,midday,clear,يجب تحسين أسلوب القيادة فوراً - تجنب السرعة الزائدة والفرملة الحادة,يجب تحسين أسلوب القيادة فوراً - تجنب السرعة الزائدة والفرملة الحادة
87a8a3da,a8898057,2025-12-11 19:33:10.684472,0.0,risky,خطر,26.0,23.01,77.17,243,79,10,1.6,0.96,70.0,city_street,aggressive,evening_rush,light_rain,يجب تحسين أسلوب القيادة فوراً - تجنب السرعة الزائدة والفرملة الحادة,يجب تحسين أسلوب القيادة فوراً - تجنب السرعة الزائدة والفرملة الحادة
85b74ef5,45366f4c,2025-12-11 19:33:10.735256,0.0,risky,خطر,21.0,74.95,123.57,214,89,7,0.24,0.322,70.0,highway,aggressive,morning_rush,light_rain,يجب تحسين أسلوب القيادة فوراً - تجنب السرعة الزائدة والفرملة الحادة,يجب تحسين أسلوب القيادة فوراً - تجنب السرعة الزائدة والفرملة الحادة
e3a80fd1,bf8f662d,2025-12-11 19:33:10.782723,0.0,risky,خطر,5.0,59.15,99.04,52,23,1,0.0,0.116,70.0,highway,aggressive,night,light_rain,يجب تحسين أسلوب القيادة فوراً - تجنب السرعة الزائدة والفرملة الحادة,يجب تحسين أسلوب القيادة فوراً - تجنب السرعة الزائدة والفرملة الحادة
315f0c44,c8bd94ed,2025-12-11 19:33:10.789480,35.45,risky,خطر,55.0,112.76,130.2,20,0,3,5.76,0.323,40.0,highway,safe,morning_rush,heavy_rain,يجب تحسين أسلوب القيادة فوراً - تجنب السرعة الزائدة والفرملة الحادة,يجب تحسين أسلوب القيادة فوراً - تجنب السرعة الزائدة والفرملة الحادة
1b7c1fef,f2450849,2025-12-11 19:33:10.848079,0.0,risky,خطر,33.0,55.25,118.65,350,135,11,0.0,0.33,70.0,highway,aggressive,evening_rush,light_rain,يجب تحسين أسلوب القيادة فوراً - تجنب السرعة الزائدة والفرملة الحادة,يجب تحسين أسلوب القيادة فوراً - تجنب السرعة الزائدة والفرملة الحادة
537a1932,ff540f30,2025-12-11 19:33:10.896017,55.45,moderate,معتدل,43.0,52.15,64.45,13,0,2,5.31,0.207,100.0,city_street,safe,late_night,clear,جيد، لكن يمكن تحسين القيادة بتقليل الفرملة الحادة,جيد، لكن يمكن تحسين القيادة بتقليل الفرملة الحادة
1ce8d3d4,90453fc1,2025-12-11 19:33:10.949301,0.0,risky,خطر,57.0,64.9,130.73,628,237,23,0.29,0.188,40.0,highway,aggressive,midday,heavy_rain,يجب تحسين أسلوب القيادة فوراً - تجنب السرعة الزائدة والفرملة الحادة,يجب تحسين أسلوب القيادة فوراً - تجنب السرعة الزائدة والفرملة الحادة
18f3faf6,41339b95,2025-12-11 19:33:11.098267,80.31,safe,آمن,27.0,31.53,46.55,6,0,1,3.58,0.128,40.0,residential,safe,night,heavy_rain,ممتاز! استمر على هذا الأداء,ممتاز! استمر على هذا الأداء
b2f8d61e,ab3353d7,2025-12-11 19:33:11.134002,0.0,risky,خطر,25.0,35.36,78.0,267,97,9,9.4,0.51,70.0,city_street,aggressive,midday,light_rain,يجب تحسين أسلوب القيادة فوراً - تجنب السرعة الزائدة والفرملة الحادة,يجب تحسين أسلوب القيادة فوراً - تجنب السرعة الزائدة والفرملة الحادة
13550af7,e280871b,2025-12-11 19:33:11.171317,0.0,risky,خطر,33.0,85.79,121.08,79,10,6,0.05,0.299,40.0,highway,moderate,morning_rush,heavy_rain,يجب تحسين أسلوب القيادة فوراً - تجنب السرعة الزائدة والفرملة الحادة,يجب تحسين أسلوب القيادة فوراً - تجنب السرعة الزائدة والفرملة الحادة
a46dee65,fac838e0,2025-12-11 19:33:11.212119,0.0,risky,خطر,5.0,21.04,52.0,53,30,1,15.67,0.13,20.0,residential,distracted,night,sandstorm,يجب تحسين أسلوب القيادة فوراً - تجنب السرعة الزائدة والفرملة الحادة,يجب تحسين أسلوب القيادة فوراً - تجنب السرعة الزائدة والفرملة الحادة
11983bd5,3c8cb148,2025-12-11 19:33:11.228357,0.0,risky,خطر,45.0,84.04,121.43,98,22,8,0.04,0.45,100.0,highway,moderate,evening_rush,clear,يجب تحسين أسلوب القيادة فوراً - تجنب السرعة الزائدة والفرملة الحادة,يجب تحسين أسلوب القيادة فوراً - تجنب السرعة الزائدة والفرملة الحادة
dcf0a312,b2d3a622,2025-12-11 19:33:11.282887,31.3,risky,خطر,9.0,63.5,78.0,2,0,1,80.74,0.959,20.0,city_street,safe,evening_rush,sandstorm,يجب تحسين أسلوب القيادة فوراً - تجنب السرعة الزائدة والفرملة الحادة,يجب تحسين أسلوب القيادة فوراً - تجنب السرعة الزائدة والفرملة الحادة
47567af5,1b8e7188,2025-12-11 19:33:11.290944,26.6,risky,خطر,5.0,46.61,52.0,0,0,1,92.0,0.261,40.0,residential,safe,midday,heavy_rain,يجب تحسين أسلوب القيادة فوراً - تجنب السرعة الزائدة والفرملة الحادة,يجب تحسين أسلوب القيادة فوراً - تجنب السرعة الزائدة والفرملة الحادة
22c729ac,f61c8825,2025-12-11 19:33:11.296155,0.0,risky,خطر,35.0,35.8,78.0,440,224,25,13.14,0.958,30.0,city_street,distracted,evening_rush,fog,يجب تحسين أسلوب القيادة فوراً - تجنب السرعة الزائدة والفرملة الحادة,يجب تحسين أسلوب القيادة فوراً - تجنب السرعة الزائدة والفرملة الحادة
529b10dc,25632ef9,2025-12-11 19:33:11.350984,0.0,risky,خطر,20.0,21.11,77.88,190,61,8,0.42,0.958,100.0,city_street,aggressive,morning_rush,clear,يجب تحسين أسلوب القيادة فوراً - تجنب السرعة الزائدة والفرملة الحادة,يجب تحسين أسلوب القيادة فوراً - تجنب السرعة الزائدة والفرملة الحادة
ad096eed,22f9f9e8,2025-12-11 19:33:11.391136,0.0,risky,خطر,47.0,57.01,104.0,565,330,36,14.29,0.781,20.0,main_road,distracted,evening_rush,sandstorm,يجب تحسين أسلوب القيادة فوراً - تجنب السرعة الزائدة والفرملة الحادة,يجب تحسين أسلوب القيادة فوراً - تجنب السرعة الزائدة والفرملة الحادة
8c89e111,6c212a19,2025-12-11 19:33:11.473843,85.24,safe,آمن,27.0,63.8,76.78,7,0,0,0.0,0.647,20.0,main_road,safe,evening_rush,sandstorm,ممتاز! استمر على هذا الأداء,ممتاز! استمر على هذا الأداء
8c54b6a7,e3c12e28,2025-12-11 19:33:11.512730,0.0,risky,خطر,52.0,43.91,78.0,651,338,42,23.3,0.328,100.0,city_street,distracted,night,clear,يجب تحسين أسلوب القيادة فوراً - تجنب السرعة الزائدة والفرملة الحادة,يجب تحسين أسلوب القيادة فوراً - تجنب السرعة الزائدة والفرملة الحادة
63fa10c0,fb6af26b,2025-12-11 19:33:11.626863,0.0,risky,خطر,39.0,40.41,104.0,481,264,31,3.03,0.802,100.0,main_road,distracted,morning_rush,clear,يجب تحسين أسلوب القيادة فوراً - تجنب السرعة الزائدة والفرملة الحادة,يجب تحسين أسلوب القيادة فوراً - تجنب السرعة الزائدة والفرملة الحادة
2ac3bfc4,568f882c,2025-12-11 19:33:11.701962,0.0,risky,خطر,8.0,50.99,104.0,94,45,3,7.08,0.756,30.0,main_road,distracted,morning_rush,fog,يجب تحسين أسلوب القيادة فوراً - تجنب السرعة الزائدة والفرملة الحادة,يجب تحسين أسلوب القيادة فوراً - تجنب السرعة الزائدة والفرملة الحادة
e644e837,1d69ddb2,2025-12-11 19:33:11.716620,33.37,risky,خطر,7.0,62.14,78.0,2,0,0,75.95,0.507,40.0,city_street,safe,midday,heavy_rain,يجب تحسين أسلوب القيادة فوراً - تجنب السرعة الزائدة والفرملة الحادة,يجب تحسين أسلوب القيادة فوراً - تجنب السرعة الزائدة والفرملة الحادة
ecc8040d,6d5be9a4,2025-12-11 19:33:11.730132,0.0,risky,خطر,10.0,77.09,118.26,98,42,3,0.0,0.347,20.0,highway,aggressive,morning_rush,sandstorm,يجب تحسين أسلوب القيادة فوراً - تجنب السرعة الزائدة والفرملة الحادة,يجب تحسين أسلوب القيادة فوراً - تجنب السرعة الزائدة والفرملة الحادة
21268d20,72fe1175,2025-12-11 19:33:11.741187,0.0,risky,خطر,17.0,70.73,138.94,175,76,8,1.37,0.21,40.0,highway,aggressive,midday,heavy_rain,يجب تحسين أسلوب القيادة فوراً - تجنب السرعة الزائدة والفرملة الحادة,يجب تحسين أسلوب القيادة فوراً - تجنب السرعة الزائدة والفرملة الحادة
59d8bcd6,436b3428,2025-12-11 19:33:11.761407,0.0,risky,خطر,58.0,56.94,102.39,162,32,12,2.33,0.378,30.0,main_road,moderate,midday,fog,يجب تحسين أسلوب القيادة فوراً - تجنب السرعة الزائدة والفرملة الحادة,يجب تحسين أسلوب القيادة فوراً - تجنب السرعة الزائدة والفرملة الحادة
6d1138b1,03329540,2025-12-11 19:33:11.911469,0.0,risky,خطر,37.0,48.79,104.0,398,157,18,6.53,0.409,40.0,main_road,aggressive,midday,heavy_rain,يجب تحسين أسلوب القيادة فوراً - تجنب السرعة الزائدة والفرملة الحادة,يجب تحسين أسلوب القيادة فوراً - تجنب السرعة الزائدة والفرملة الحادة
1b233e5d,6070e6ae,2025-12-11 19:33:11.966705,0.0,risky,خطر,33.0,59.03,113.64,347,141,17,0.0,0.418,70.0,highway,aggressive,morning_rush,light_rain,يجب تحسين أسلوب القيادة فوراً - تجنب السرعة الزائدة والفرملة الحادة,يجب تحسين أسلوب القيادة فوراً - تجنب السرعة الزائدة والفرملة الحادة
01a946b6,53a17239,2025-12-11 19:33:12.026911,0.0,risky,خطر,15.0,48.51,104.0,179,97,7,9.78,0.657,40.0,main_road,distracted,evening_rush,heavy_rain,يجب تحسين أسلوب القيادة فوراً - تجنب السرعة الزائدة والفرملة الحادة,يجب تحسين أسلوب القيادة فوراً - تجنب السرعة الزائدة والفرملة الحادة
4c2b4e9e,d77addb3,2025-12-11 19:33:12.048305,0.0,risky,خطر,53.0,24.21,52.0,593,309,42,19.81,0.114,30.0,residential,distracted,late_night,fog,يجب تحسين أسلوب القيادة فوراً - تجنب السرعة الزائدة والفرملة الحادة,يجب تحسين أسلوب القيادة فوراً - تجنب السرعة الزائدة والفرملة الحادة
ad72a7d1,5fd46caa,2025-12-11 19:33:12.162499,0.0,risky,خطر,40.0,69.58,134.6,427,179,30,0.96,0.472,30.0,highway,aggressive,evening_rush,fog,يجب تحسين أسلوب القيادة فوراً - تجنب السرعة الزائدة والفرملة الحادة,يجب تحسين أسلوب القيادة فوراً - تجنب السرعة الزائدة والفرملة الحادة
8e2b0964,58414d81,2025-12-11 19:33:12.244440,0.0,risky,خطر,27.0,75.71,147.85,353,182,23,2.72,0.424,40.0,highway,distracted,evening_rush,heavy_rain,يجب تحسين أسلوب القيادة فوراً - تجنب السرعة الزائدة والفرملة الحادة,يجب تحسين أسلوب القيادة فوراً - تجنب السرعة الزائدة والفرملة الحادة
ab4b2daf,3b338820,2025-12-11 19:33:12.361385,0.0,risky,خطر,56.0,70.58,104.0,147,30,9,20.06,0.691,20.0,main_road,moderate,evening_rush,sandstorm,يجب تحسين أسلوب القيادة فوراً - تجنب السرعة الزائدة والفرملة الحادة,يجب تحسين أسلوب القيادة فوراً - تجنب السرعة الزائدة والفرملة الحادة
b0f112f8,d43a6fba,2025-12-11 19:33:12.520518,2.52,risky,خطر,27.0,45.26,52.0,8,0,2,88.02,0.308,100.0,residential,safe,midday,clear,يجب تحسين أسلوب القيادة فوراً - تجنب السرعة الزائدة والفرملة الحادة,يجب تحسين أسلوب القيادة فوراً - تجنب السرعة الزائدة والفرملة الحادة
464939bf,a8d52e4f,2025-12-11 19:33:12.601215,0.0,risky,خطر,10.0,43.89,96.52,99,42,5,3.17,0.128,40.0,main_road,aggressive,late_night,heavy_rain,يجب تحسين أسلوب القيادة فوراً - تجنب السرعة الزائدة والفرملة الحادة,يجب تحسين أسلوب القيادة فوراً - تجنب السرعة الزائدة والفرملة الحادة
794703f4,bd2a919e,2025-12-11 19:33:12.621423,3.61,risky,خطر,52.0,40.68,52.0,16,0,3,59.52,0.266,40.0,residential,safe,midday,heavy_rain,يجب تحسين أسلوب القيادة فوراً - تجنب السرعة الزائدة والفرملة الحادة,يجب تحسين أسلوب القيادة فوراً - تجنب السرعة الزائدة والفرملة الحادة
06a10007,11597fef,2025-12-11 19:33:12.697735,0.0,risky,خطر,43.0,43.42,52.0,14,0,7,80.43,0.452,40.0,residential,safe,morning_rush,heavy_rain,يجب تحسين أسلوب القيادة فوراً - تجنب السرعة الزائدة والفرملة الحادة,يجب تحسين أسلوب القيادة فوراً - تجنب السرعة الزائدة والفرملة الحادة
526f9422,4238f750,2025-12-11 19:33:12.749036,0.0,risky,خطر,20.0,31.86,52.0,178,67,11,32.08,0.096,70.0,residential,aggressive,late_night,light_rain,يجب تحسين أسلوب القيادة فوراً - تجنب السرعة الزائدة والفرملة الحادة,يجب تحسين أسلوب القيادة فوراً - تجنب السرعة الزائدة والفرملة الحادة
349223eb,8bb5c4d4,2025-12-11 19:33:12.783689,0.0,risky,خطر,28.0,69.0,104.0,72,8,5,18.21,0.663,30.0,main_road,moderate,morning_rush,fog,يجب تحسين أسلوب القيادة فوراً - تجنب السرعة الزائدة والفرملة الحادة,يجب تحسين أسلوب القيادة فوراً - تجنب السرعة الزائدة والفرملة الحادة
a214ebd4,1b9beaba,2025-12-11 19:33:12.807071,0.0,risky,خطر,22.0,50.87,87.08,64,11,1,0.61,0.211,70.0,main_road,moderate,night,light_rain,يجب تحسين أسلوب القيادة فوراً - تجنب السرعة الزائدة والفرملة الحادة,يجب تحسين أسلوب القيادة فوراً - تجنب السرعة الزائدة والفرملة الحادة
4e222c00,33416b73,2025-12-11 19:33:12.831137,0.0,risky,خطر,28.0,35.26,78.0,339,191,17,15.0,0.242,40.0,city_street,distracted,night,heavy_rain,يجب تحسين أسلوب القيادة فوراً - تجنب السرعة الزائدة والفرملة الحادة,يجب تحسين أسلوب القيادة فوراً - تجنب السرعة الزائدة والفرملة الحادة
f83c3aaf,3e8668eb,2025-12-11 19:33:12.862058,0.0,risky,خطر,21.0,29.08,65.06,45,5,3,0.63,0.963,40.0,city_street,moderate,evening_rush,heavy_rain,يجب تحسين أسلوب القيادة فوراً - تجنب السرعة الزائدة والفرملة الحادة,يجب تحسين أسلوب القيادة فوراً - تجنب السرعة الزائدة والفرملة الحادة
c8503f4a,285f3477,2025-12-11 19:33:12.886934,0.0,risky,خطر,24.0,57.02,92.39,57,18,5,2.71,0.426,30.0,main_road,moderate,midday,fog,يجب تحسين أسلوب القيادة فوراً - تجنب السرعة الزائدة والفرملة الحادة,يجب تحسين أسلوب القيادة فوراً - تجنب السرعة الزائدة والفرملة الحادة
a94c1dff,1f188d62,2025-12-11 19:33:12.905270,0.0,risky,خطر,5.0,83.85,137.2,52,29,1,3.33,0.329,40.0,highway,distracted,evening_rush,heavy_rain,يجب تحسين أسلوب القيادة فوراً - تجنب السرعة الزائدة والفرملة الحادة,يجب تحسين أسلوب القيادة فوراً - تجنب السرعة الزائدة والفرملة الحادة
91d6f9f8,df41795c,2025-12-11 19:33:12.918129,0.0,risky,خطر,32.0,99.95,141.11,78,13,5,5.05,0.379,70.0,highway,moderate,morning_rush,light_rain,يجب تحسين أسلوب القيادة فوراً - تجنب السرعة الزائدة والفرملة الحادة,يجب تحسين أسلوب القيادة فوراً - تجنب السرعة الزائدة والفرملة الحادة
89fa21bf,f0861930,2025-12-11 19:33:12.954230,0.0,risky,خطر,54.0,47.76,52.0,9,0,3,97.38,0.18,20.0,residential,safe,night,sandstorm,يجب تحسين أسلوب القيادة فوراً - تجنب السرعة الزائدة والفرملة الحادة,يجب تحسين أسلوب القيادة فوراً - تجنب السرعة الزائدة والفرملة الحادة
aefc0a92,182bffaf,2025-12-11 19:33:13.018780,0.0,risky,خطر,6.0,65.6,120.11,50,23,3,0.28,0.456,100.0,highway,aggressive,evening_rush,clear,يجب تحسين أسلوب القيادة فوراً - تجنب السرعة الزائدة والفرملة الحادة,يجب تحسين أسلوب القيادة فوراً - تجنب السرعة الزائدة والفرملة الحادة
bd1983da,2b95a4ab,2025-12-11 19:33:13.034523,0.0,risky,خطر,34.0,51.9,104.0,416,228,19,11.32,0.841,30.0,main_road,distracted,morning_rush,fog,يجب تحسين أسلوب القيادة فوراً - تجنب السرعة الزائدة والفرملة الحادة,يجب تحسين أسلوب القيادة فوراً - تجنب السرعة الزائدة والفرملة الحادة
1bb8124a,35dfcefc,2025-12-11 19:33:13.320399,0.0,risky,خطر,60.0,65.81,144.23,655,248,34,0.25,0.118,100.0,highway,aggressive,night,clear,يجب تحسين أسلوب القيادة فوراً - تجنب السرعة الزائدة والفرملة الحادة,يجب تحسين أسلوب القيادة فوراً - تجنب السرعة الزائدة والفرملة الحادة
dcaa506a,d26ecb07,2025-12-11 19:33:13.442478,96.04,safe,آمن,11.0,100.46,116.74,2,0,0,0.0,0.408,70.0,highway,safe,morning_rush,light_rain,ممتاز! استمر على هذا الأداء,ممتاز! استمر على هذا الأداء
86f514d2,751066f4,2025-12-11 19:33:13.451986,0.0,risky,خطر,21.0,67.21,117.86,232,88,19,0.0,0.457,30.0,highway,aggressive,evening_rush,fog,يجب تحسين أسلوب القيادة فوراً - تجنب السرعة الزائدة والفرملة الحادة,يجب تحسين أسلوب القيادة فوراً - تجنب السرعة الزائدة والفرملة الحادة
1110d9d6,4574e913,2025-12-11 19:33:13.473786,0.0,risky,خطر,43.0,52.69,94.54,123,19,6,0.93,0.917,20.0,main_road,moderate,evening_rush,sandstorm,يجب تحسين أسلوب القيادة فوراً - تجنب السرعة الزائدة والفرملة الحادة,يجب تحسين أسلوب القيادة فوراً - تجنب السرعة الزائدة والفرملة الحادة
a593b0b1,4af44524,2025-12-11 19:33:13.524918,0.0,risky,خطر,29.0,34.18,78.0,292,124,8,7.47,0.199,40.0,city_street,aggressive,late_night,heavy_rain,يجب تحسين أسلوب القيادة فوراً - تجنب السرعة الزائدة والفرملة الحادة,يجب تحسين أسلوب القيادة فوراً - تجنب السرعة الزائدة والفرملة الحادة
aa8e0fdc,f93ae0c5,2025-12-11 19:33:13.553827,0.0,risky,خطر,55.0,29.99,52.0,145,26,9,19.15,0.639,40.0,residential,moderate,morning_rush,heavy_rain,يجب تحسين أسلوب القيادة فوراً - تجنب السرعة الزائدة والفرملة الحادة,يجب تحسين أسلوب القيادة فوراً - تجنب السرعة الزائدة والفرملة الحادة
c2ffdb8b,0502c27a,2025-12-11 19:33:13.634836,0.0,risky,خطر,52.0,23.08,52.0,133,24,13,7.21,0.14,30.0,residential,moderate,night,fog,يجب تحسين أسلوب القيادة فوراً - تجنب السرعة الزائدة والفرملة الحادة,يجب تحسين أسلوب القيادة فوراً - تجنب السرعة الزائدة والفرملة الحادة
d69f83f5,13abe6b1,2025-12-11 19:33:13.696165,0.0,risky,خطر,20.0,28.54,78.0,194,77,6,4.67,0.348,40.0,city_street,aggressive,night,heavy_rain,يجب تحسين أسلوب القيادة فوراً - تجنب السرعة الزائدة والفرملة الحادة,يجب تحسين أسلوب القيادة فوراً - تجنب السرعة الزائدة والفرملة الحادة
b385d57e,827b55a2,2025-12-11 19:33:13.721404,0.0,risky,خطر,41.0,67.46,134.01,436,179,11,0.53,0.203,20.0,highway,aggressive,midday,sandstorm,يجب تحسين أسلوب القيادة فوراً - تجنب السرعة الزائدة والفرملة الحادة,يجب تحسين أسلوب القيادة فوراً - تجنب السرعة الزائدة والفرملة الحادة
243e26dc,733e8133,2025-12-11 19:33:13.790537,39.36,risky,خطر,59.0,50.92,64.1,21,0,4,2.23,0.875,40.0,city_street,safe,morning_rush,heavy_rain,يجب تحسين أسلوب القيادة فوراً - تجنب السرعة الزائدة والفرملة الحادة,يجب تحسين أسلوب القيادة فوراً - تجنب السرعة الزائدة والفرملة الحادة
b9f293d9,e2a81d39,2025-12-11 19:33:13.844707,0.0,risky,خطر,56.0,64.5,78.0,15,0,1,85.65,0.655,70.0,city_street,safe,midday,light_rain,يجب تحسين أسلوب القيادة فوراً - تجنب السرعة الزائدة والفرملة الحادة,يجب تحسين أسلوب القيادة فوراً - تجنب السرعة الزائدة والفرملة الحادة
1317634e,8da46596,2025-12-11 19:33:13.901146,12.99,risky,خطر,30.0,121.32,138.31,10,0,1,68.17,0.104,40.0,highway,safe,night,heavy_rain,يجب تحسين أسلوب القيادة فوراً - تجنب السرعة الزائدة والفرملة الحادة,يجب تحسين أسلوب القيادة فوراً - تجنب السرعة الزائدة والفرملة الحادة
63ab851a,a0b7d6af,2025-12-11 19:33:13.940886,0.0,risky,خطر,25.0,23.43,52.0,249,95,16,16.2,0.524,70.0,residential,aggressive,evening_rush,light_rain,يجب تحسين أسلوب القيادة فوراً - تجنب السرعة الزائدة والفرملة الحادة,يجب تحسين أسلوب القيادة فوراً - تجنب السرعة الزائدة والفرملة الحادة
328e88c9,1185d555,2025-12-11 19:33:13.985691,0.0,risky,خطر,23.0,35.19,78.0,51,16,4,2.17,0.56,20.0,city_street,moderate,midday,sandstorm,يجب تحسين أسلوب القيادة فوراً - تجنب السرعة الزائدة والفرملة الحادة,يجب تحسين أسلوب القيادة فوراً - تجنب السرعة الزائدة والفرملة الحادة
85272d5e,9e7e89e7,2025-12-11 19:33:14.008224,0.0,risky,خطر,22.0,29.24,52.0,56,13,5,17.2,0.089,40.0,residential,moderate,late_night,heavy_rain,يجب تحسين أسلوب القيادة فوراً - تجنب السرعة الزائدة والفرملة الحادة,يجب تحسين أسلوب القيادة فوراً - تجنب السرعة الزائدة والفرملة الحادة
21214497,0d0f13c4,2025-12-11 19:33:14.041642,44.09,risky,خطر,56.0,47.3,64.57,19,0,4,0.42,0.959,100.0,city_street,safe,morning_rush,clear,يجب تحسين أسلوب القيادة فوراً - تجنب السرعة الزائدة والفرملة الحادة,يجب تحسين أسلوب القيادة فوراً - تجنب السرعة الزائدة والفرملة الحادة
a5a78bd8,2136e3e7,2025-12-11 19:33:14.091622,0.0,risky,خطر,43.0,78.86,154.96,544,301,31,4.15,0.18,70.0,highway,distracted,midday,light_rain,يجب تحسين أسلوب القيادة فوراً - تجنب السرعة الزائدة والفرملة الحادة,يجب تحسين أسلوب القيادة فوراً - تجنب السرعة الزائدة والفرملة الحادة
d312fed6,29eb7977,2025-12-11 19:33:14.156686,0.0,risky,خطر,8.0,77.74,129.53,87,47,3,2.5,0.123,30.0,highway,distracted,night,fog,يجب تحسين أسلوب القيادة فوراً - تجنب السرعة الزائدة والفرملة الحادة,يجب تحسين أسلوب القيادة فوراً - تجنب السرعة الزائدة والفرملة الحادة
9f0b15f8,55360a8f,2025-12-11 19:33:14.168157,0.0,risky,خطر,26.0,17.56,52.0,245,83,16,7.05,0.106,30.0,residential,aggressive,late_night,fog,يجب تحسين أسلوب القيادة فوراً - تجنب السرعة الزائدة والفرملة الحادة,يجب تحسين أسلوب القيادة فوراً - تجنب السرعة الزائدة والفرملة الحادة
4c5d6eef,adcf3ca6,2025-12-11 19:33:14.197565,0.0,risky,خطر,38.0,100.35,150.36,105,21,16,5.48,0.316,30.0,highway,moderate,morning_rush,fog,يجب تحسين أسلوب القيادة فوراً - تجنب السرعة الزائدة والفرملة الحادة,يجب تحسين أسلوب القيادة فوراً - تجنب السرعة الزائدة والفرملة الحادة
eb7d1733,2990e18c,2025-12-11 19:33:14.237496,0.0,risky,خطر,58.0,92.19,156.0,774,435,42,12.13,0.165,20.0,highway,distracted,midday,sandstorm,يجب تحسين أسلوب القيادة فوراً - تجنب السرعة الزائدة والفرملة الحادة,يجب تحسين أسلوب القيادة فوراً - تجنب السرعة الزائدة والفرملة الحادة
8fe60ec0,99604c12,2025-12-11 19:33:14.349944,0.0,risky,خطر,49.0,22.66,52.0,111,28,8,7.59,0.158,30.0,residential,moderate,night,fog,يجب تحسين أسلوب القيادة فوراً - تجنب السرعة الزائدة والفرملة الحادة,يجب تحسين أسلوب القيادة فوراً - تجنب السرعة الزائدة والفرملة الحادة
d798a38c,c62aef3f,2025-12-11 19:33:14.388407,0.0,risky,خطر,39.0,74.61,104.0,107,21,10,33.33,0.213,100.0,main_road,moderate,night,clear,يجب تحسين أسلوب القيادة فوراً - تجنب السرعة الزائدة والفرملة الحادة,يجب تحسين أسلوب القيادة فوراً - تجنب السرعة الزائدة والفرملة الحادة
a824725c,4d7ee3cd,2025-12-11 19:33:14.426109,0.0,risky,خطر,18.0,53.7,104.0,198,113,16,14.91,0.164,70.0,main_road,distracted,night,light_rain,يجب تحسين أسلوب القيادة فوراً - تجنب السرعة الزائدة والفرملة الحادة,يجب تحسين أسلوب القيادة فوراً - تجنب السرعة الزائدة والفرملة الحادة
72065e8e,0e97c882,2025-12-11 19:33:14.445586,66.98,moderate,معتدل,17.0,37.1,52.0,3,0,0,29.9,0.1,30.0,residential,safe,late_night,fog,جيد، لكن يمكن تحسين القيادة بتقليل الفرملة الحادة,جيد، لكن يمكن تحسين القيادة بتقليل الفرملة الحادة
5308a45c,fa50e298,2025-12-11 19:33:14.462018,0.0,risky,خطر,36.0,98.34,139.59,103,28,1,4.63,0.339,20.0,highway,moderate,evening_rush,sandstorm,يجب تحسين أسلوب القيادة فوراً - تجنب السرعة الزائدة والفرملة الحادة,يجب تحسين أسلوب القيادة فوراً - تجنب السرعة الزائدة والفرملة الحادة
a2d47edc,0ed1c1ac,2025-12-11 19:33:14.502155,0.0,risky,خطر,46.0,92.86,127.43,121,23,12,0.8,0.186,40.0,highway,moderate,midday,heavy_rain,يجب تحسين أسلوب القيادة فوراً - تجنب السرعة الزائدة والفرملة الحادة,يجب تحسين أسلوب القيادة فوراً - تجنب السرعة الزائدة والفرملة الحادة
8265c061,ffefe296,2025-12-11 19:33:14.546265,0.0,risky,خطر,34.0,57.34,104.0,415,213,26,15.54,0.181,30.0,main_road,distracted,night,fog,يجب تحسين أسلوب القيادة فوراً - تجنب السرعة الزائدة والفرملة الحادة,يجب تحسين أسلوب القيادة فوراً - تجنب السرعة الزائدة والفرملة الحادة
759db1c7,83b8d4be,2025-12-11 19:33:14.596379,0.0,risky,خطر,40.0,28.1,91.9,411,161,23,0.29,0.855,100.0,main_road,aggressive,morning_rush,clear,يجب تحسين أسلوب القيادة فوراً - تجنب السرعة الزائدة والفرملة الحادة,يجب تحسين أسلوب القيادة فوراً - تجنب السرعة الزائدة والفرملة الحادة
e56521d0,868144af,2025-12-11 19:33:14.650985,0.0,risky,خطر,35.0,82.7,156.0,455,240,31,5.14,0.241,100.0,highway,distracted,midday,clear,يجب تحسين أسلوب القيادة فوراً - تجنب السرعة الزائدة والفرملة الحادة,يجب تحسين أسلوب القيادة فوراً - تجنب السرعة الزائدة والفرملة الحادة
07f98198,798b5af8,2025-12-11 19:33:14.703633,0.0,risky,خطر,19.0,21.15,52.0,185,67,7,11.84,0.643,20.0,residential,aggressive,evening_rush,sandstorm,يجب تحسين أسلوب القيادة فوراً - تجنب السرعة الزائدة والفرملة الحادة,يجب تحسين أسلوب القيادة فوراً - تجنب السرعة الزائدة والفرملة الحادة
f11197cf,df39c48a,2025-12-11 19:33:14.728142,0.0,risky,خطر,22.0,62.71,94.11,56,13,3,8.26,0.775,100.0,main_road,moderate,evening_rush,clear,يجب تحسين أسلوب القيادة فوراً - تجنب السرعة الزائدة والفرملة الحادة,يجب تحسين أسلوب القيادة فوراً - تجنب السرعة الزائدة والفرملة الحادة
ea87dccc,d07e1d8a,2025-12-11 19:33:14.745976,8.34,risky,خطر,28.0,65.12,78.0,7,0,0,87.26,0.309,40.0,city_street,safe,night,heavy_rain,يجب تحسين أسلوب القيادة فوراً - تجنب السرعة الزائدة والفرملة الحادة,يجب تحسين أسلوب القيادة فوراً - تجنب السرعة الزائدة والفرملة الحادة
91fe38ac,baab5786,2025-12-11 19:33:14.774149,0.0,risky,خطر,51.0,74.33,149.93,689,368,44,2.52,0.353,20.0,highway,distracted,evening_rush,sandstorm,يجب تحسين أسلوب القيادة فوراً - تجنب السرعة الزائدة والفرملة الحادة,يجب تحسين أسلوب القيادة فوراً - تجنب السرعة الزائدة والفرملة الحادة
2d9f2afb,0d93153d,2025-12-11 19:33:14.853723,0.0,risky,خطر,24.0,20.23,52.0,246,144,14,11.53,0.55,100.0,residential,distracted,morning_rush,clear,يجب تحسين أسلوب القيادة فوراً - تجنب السرعة الزائدة والفرملة الحادة,يجب تحسين أسلوب القيادة فوراً - تجنب السرعة الزائدة والفرملة الحادة
c31c7818,4149a77a,2025-12-11 19:33:14.881923,47.82,risky,خطر,24.0,58.32,73.84,7,0,2,37.92,0.262,40.0,city_street,safe,night,heavy_rain,يجب تحسين أسلوب القيادة فوراً - تجنب السرعة الزائدة والفرملة الحادة,يجب تحسين أسلوب القيادة فوراً - تجنب السرعة الزائدة والفرملة الحادة
f8c671f5,98640574,2025-12-11 19:33:14.919317,64.18,moderate,معتدل,55.0,46.73,62.81,14,0,1,0.3,0.954,30.0,city_street,safe,morning_rush,fog,جيد، لكن يمكن تحسين القيادة بتقليل الفرملة الحادة,جيد، لكن يمكن تحسين القيادة بتقليل الفرملة الحادة
447457d6,637eccdf,2025-12-11 19:33:14.966278,58.65,moderate,معتدل,26.0,112.24,130.32,11,0,4,5.96,0.303,100.0,highway,safe,morning_rush,clear,جيد، لكن يمكن تحسين القيادة بتقليل الفرملة الحادة,جيد، لكن يمكن تحسين القيادة بتقليل الفرملة الحادة
a14187e5,612a4f53,2025-12-11 19:33:14.993428,0.0,risky,خطر,59.0,32.16,52.0,151,40,10,23.59,0.68,70.0,residential,moderate,evening_rush,light_rain,يجب تحسين أسلوب القيادة فوراً - تجنب السرعة الزائدة والفرملة الحادة,يجب تحسين أسلوب القيادة فوراً - تجنب السرعة الزائدة والفرملة الحادة
85884425,481a27dd,2025-12-11 19:33:15.062700,0.0,risky,خطر,30.0,46.82,78.0,73,14,8,16.06,0.961,30.0,city_street,moderate,evening_rush,fog,يجب تحسين أسلوب القيادة فوراً - تجنب السرعة الزائدة والفرملة الحادة,يجب تحسين أسلوب القيادة فوراً - تجنب السرعة الزائدة والفرملة الحادة
da59ae12,55ae9c5c,2025-12-11 19:33:15.102120,0.0,risky,خطر,48.0,39.93,78.0,132,33,10,5.24,0.52,30.0,city_street,moderate,midday,fog,يجب تحسين أسلوب القيادة فوراً - تجنب السرعة الزائدة والفرملة الحادة,يجب تحسين أسلوب القيادة فوراً - تجنب السرعة الزائدة والفرملة الحادة
a8c3432a,75958f65,2025-12-11 19:33:15.175957,0.0,risky,خطر,23.0,36.53,78.0,247,87,17,12.39,0.211,20.0,city_street,aggressive,late_night,sandstorm,يجب تحسين أسلوب القيادة فوراً - تجنب السرعة الزائدة والفرملة الحادة,يجب تحسين أسلوب القيادة فوراً - تجنب السرعة الزائدة والفرملة الحادة
b9458e7c,30902672,2025-12-11 19:33:15.239483,0.0,risky,خطر,22.0,28.86,78.0,226,92,8,4.09,0.703,40.0,city_street,aggressive,midday,heavy_rain,يجب تحسين أسلوب القيادة فوراً - تجنب السرعة الزائدة والفرملة الحادة,يجب تحسين أسلوب القيادة فوراً - تجنب السرعة الزائدة والفرملة الحادة
ed428632,cb03020e,2025-12-11 19:33:15.269983,0.0,risky,خطر,45.0,39.25,52.0,105,18,6,52.15,0.18,100.0,residential,moderate,night,clear,يجب تحسين أسلوب القيادة فوراً - تجنب السرعة الزائدة والفرملة الحادة,يجب تحسين أسلوب القيادة فوراً - تجنب السرعة الزائدة والفرملة الحادة
f4e94956,6a9cfc1e,2025-12-11 19:33:15.306305,59.89,moderate,معتدل,39.0,71.61,90.29,13,0,0,3.72,0.391,20.0,main_road,safe,midday,sandstorm,جيد، لكن يمكن تحسين القيادة بتقليل الفرملة الحادة,جيد، لكن يمكن تحسين القيادة بتقليل الفرملة الحادة
97856e6a,524f48e9,2025-12-11 19:33:15.341050,0.0,risky,خطر,44.0,23.28,77.6,462,180,22,0.68,0.174,40.0,city_street,aggressive,late_night,heavy_rain,يجب تحسين أسلوب القيادة فوراً - تجنب السرعة الزائدة والفرملة الحادة,يجب تحسين أسلوب القيادة فوراً - تجنب السرعة الزائدة والفرملة الحادة
ad7a4be9,3951be73,2025-12-11 19:33:15.391668,0.0,risky,خطر,30.0,33.21,78.0,344,185,25,11.06,0.2,70.0,city_street,distracted,late_night,light_rain,يجب تحسين أسلوب القيادة فوراً - تجنب السرعة الزائدة والفرملة الحادة,يجب تحسين أسلوب القيادة فوراً - تجنب السرعة الزائدة والفرملة الحادة
5769997b,d87e570a,2025-12-11 19:33:15.430695,1.87,risky,خطر,53.0,43.08,52.0,10,0,6,77.99,0.172,70.0,residential,safe,night,light_rain,يجب تحسين أسلوب القيادة فوراً - تجنب السرعة الزائدة والفرملة الحادة,يجب تحسين أسلوب القيادة فوراً - تجنب السرعة الزائدة والفرملة الحادة
da8548ea,ea67abb4,2025-12-11 19:33:15.473308,96.25,safe,آمن,10.0,65.82,79.53,3,0,0,0.0,0.451,20.0,main_road,safe,midday,sandstorm,ممتاز! استمر على هذا الأداء,ممتاز! استمر على هذا الأداء
659a3ccd,326de19c,2025-12-11 19:33:15.484759,0.0,risky,خطر,38.0,37.84,52.0,97,17,3,45.57,0.162,70.0,residential,moderate,night,light_rain,يجب تحسين أسلوب القيادة فوراً - تجنب السرعة الزائدة والفرملة الحادة,يجب تحسين أسلوب القيادة فوراً - تجنب السرعة الزائدة والفرملة الحادة
43ff5098,2737d2ed,2025-12-11 19:33:15.521702,0.0,risky,خطر,46.0,39.9,104.0,485,206,16,1.49,0.198,30.0,main_road,aggressive,night,fog,يجب تحسين أسلوب القيادة فوراً - تجنب السرعة الزائدة والفرملة الحادة,يجب تحسين أسلوب القيادة فوراً - تجنب السرعة الزائدة والفرملة الحادة
6f1905dd,5c95959a,2025-12-11 19:33:15.592162,0.0,risky,خطر,31.0,57.19,122.29,314,133,9,0.05,0.102,70.0,highway,aggressive,night,light_rain,يجب تحسين أسلوب القيادة فوراً - تجنب السرعة الزائدة والفرملة الحادة,يجب تحسين أسلوب القيادة فوراً - تجنب السرعة الزائدة والفرملة الحادة
07387e12,90627adb,2025-12-11 19:33:15.635241,0.0,risky,خطر,31.0,24.28,78.0,343,120,13,1.56,0.929,20.0,city_street,aggressive,morning_rush,sandstorm,يجب تحسين أسلوب القيادة فوراً - تجنب السرعة الزائدة والفرملة الحادة,يجب تحسين أسلوب القيادة فوراً - تجنب السرعة الزائدة والفرملة الحادة
fe91daeb,67326b46,2025-12-11 19:33:15.678325,0.0,risky,خطر,58.0,21.2,52.0,607,216,32,10.46,0.149,40.0,residential,aggressive,night,heavy_rain,يجب تحسين أسلوب القيادة فوراً - تجنب السرعة الزائدة والفرملة الحادة,يجب تحسين أسلوب القيادة فوراً - تجنب السرعة الزائدة والفرملة الحادة
2b3dc772,85598a95,2025-12-11 19:33:15.774770,35.85,risky,خطر,20.0,62.42,76.5,2,0,0,72.5,0.959,100.0,city_street,safe,evening_rush,clear,يجب تحسين أسلوب القيادة فوراً - تجنب السرعة الزائدة والفرملة الحادة,يجب تحسين أسلوب القيادة فوراً - تجنب السرعة الزائدة والفرملة الحادة
d4d514f2,d06e0b44,2025-12-11 19:33:15.795054,0.0,risky,خطر,44.0,56.34,104.0,567,302,33,12.77,0.167,40.0,main_road,distracted,night,heavy_rain,يجب تحسين أسلوب القيادة فوراً - تجنب السرعة الزائدة والفرملة الحادة,يجب تحسين أسلوب القيادة فوراً - تجنب السرعة الزائدة والفرملة الحادة
e3c4186b,4375896b,2025-12-11 19:33:15.871984,0.0,risky,خطر,7.0,63.63,111.46,75,28,5,0.0,0.217,40.0,highway,aggressive,midday,heavy_rain,يجب تحسين أسلوب القيادة فوراً - تجنب السرعة الزائدة والفرملة الحادة,يجب تحسين أسلوب القيادة فوراً - تجنب السرعة الزائدة والفرملة الحادة
c24795f4,0a61aaca,2025-12-11 19:33:15.887878,89.48,safe,آمن,19.0,46.65,59.93,5,0,0,0.0,0.296,40.0,city_street,safe,night,heavy_rain,ممتاز! استمر على هذا الأداء,ممتاز! استمر على هذا الأداء
6b1681a0,2dcbb91b,2025-12-11 19:33:15.903934,0.0,risky,خطر,59.0,57.8,127.03,661,231,31,0.08,0.385,30.0,highway,aggressive,evening_rush,fog,يجب تحسين أسلوب القيادة فوراً - تجنب السرعة الزائدة والفرملة الحادة,يجب تحسين أسلوب القيادة فوراً - تجنب السرعة الزائدة والفرملة الحادة
17c1e821,d34f9b5f,2025-12-11 19:33:15.997794,0.0,risky,خطر,42.0,45.25,104.0,539,303,27,5.04,0.235,100.0,main_road,distracted,night,clear,يجب تحسين أسلوب القيادة فوراً - تجنب السرعة الزائدة والفرملة الحادة,يجب تحسين أسلوب القيادة فوراً - تجنب السرعة الزائدة والفرملة الحادة
57a2e7d3,9207488b,2025-12-11 19:33:16.059328,0.0,risky,خطر,39.0,88.07,125.93,112,23,6,0.26,0.226,70.0,highway,moderate,midday,light_rain,يجب تحسين أسلوب القيادة فوراً - تجنب السرعة الزائدة والفرملة الحادة,يجب تحسين أسلوب القيادة فوراً - تجنب السرعة الزائدة والفرملة الحادة
e9470c48,59829292,2025-12-11 19:33:16.096748,0.0,risky,خطر,10.0,76.72,134.82,88,41,5,0.83,0.344,70.0,highway,aggressive,morning_rush,light_rain,يجب تحسين أسلوب القيادة فوراً - تجنب السرعة الزائدة والفرملة الحادة,يجب تحسين أسلوب القيادة فوراً - تجنب السرعة الزائدة والفرملة الحادة
f555717e,97165879,2025-12-11 19:33:16.117190,0.0,risky,خطر,33.0,103.96,141.4,101,13,5,6.82,0.344,30.0,highway,moderate,morning_rush,fog,يجب تحسين أسلوب القيادة فوراً - تجنب السرعة الزائدة والفرملة الحادة,يجب تحسين أسلوب القيادة فوراً - تجنب السرعة الزائدة والفرملة الحادة
afb14e97,0b48bf79,2025-12-11 19:33:16.152700,0.0,risky,خطر,31.0,20.85,52.0,331,122,12,11.4,0.504,30.0,residential,aggressive,morning_rush,fog,يجب تحسين أسلوب القيادة فوراً - تجنب السرعة الزائدة والفرملة الحادة,يجب تحسين أسلوب القيادة فوراً - تجنب السرعة الزائدة والفرملة الحادة
53484855,20ce839d,2025-12-11 19:33:16.197465,0.0,risky,خطر,59.0,26.37,52.0,592,215,26,21.61,0.27,70.0,residential,aggressive,midday,light_rain,يجب تحسين أسلوب القيادة فوراً - تجنب السرعة الزائدة والفرملة الحادة,يجب تحسين أسلوب القيادة فوراً - تجنب السرعة الزائدة والفرملة الحادة
430ae0f2,751ab225,2025-12-11 19:33:16.282528,56.03,moderate,معتدل,36.0,35.22,49.83,11,0,3,14.77,0.458,20.0,residential,safe,morning_rush,sandstorm,جيد، لكن يمكن تحسين القيادة بتقليل الفرملة الحادة,جيد، لكن يمكن تحسين القيادة بتقليل الفرملة الحادة
1a35167e,d71292ce,2025-12-11 19:33:16.305651,0.0,risky,خطر,5.0,71.93,116.66,33,19,1,0.0,0.078,20.0,highway,aggressive,late_night,sandstorm,يجب تحسين أسلوب القيادة فوراً - تجنب السرعة الزائدة والفرملة الحادة,يجب تحسين أسلوب القيادة فوراً - تجنب السرعة الزائدة والفرملة الحادة
e8c444c9,fcac2aa9,2025-12-11 19:33:16.313482,91.51,safe,آمن,22.0,45.09,60.75,4,0,2,0.08,0.96,70.0,city_street,safe,morning_rush,light_rain,ممتاز! استمر على هذا الأداء,ممتاز! استمر على هذا الأداء
05830d16,9a032380,2025-12-11 19:33:16.330895,0.0,risky,خطر,18.0,67.77,132.23,200,123,12,0.56,0.348,40.0,highway,distracted,morning_rush,heavy_rain,يجب تحسين أسلوب القيادة فوراً - تجنب السرعة الزائدة والفرملة الحادة,يجب تحسين أسلوب القيادة فوراً - تجنب السرعة الزائدة والفرملة الحادة
47049de8,d64fac5f,2025-12-11 19:33:16.348460,0.0,risky,خطر,33.0,19.69,76.75,343,137,11,1.01,0.961,40.0,city_street,aggressive,morning_rush,heavy_rain,يجب تحسين أسلوب القيادة فوراً - تجنب السرعة الزائدة والفرملة الحادة,يجب تحسين أسلوب القيادة فوراً - تجنب السرعة الزائدة والفرملة الحادة
0218edfd,2cb49ebc,2025-12-11 19:33:16.393102,0.0,risky,خطر,27.0,84.13,156.0,349,194,15,5.8,0.163,30.0,highway,distracted,midday,fog,يجب تحسين أسلوب القيادة فوراً - تجنب السرعة الزائدة والفرملة الحادة,يجب تحسين أسلوب القيادة فوراً - تجنب السرعة الزائدة والفرملة الحادة
45c2e873,f001a6b8,2025-12-11 19:33:16.431081,0.0,risky,خطر,21.0,36.28,78.0,247,143,19,14.13,0.957,100.0,city_street,distracted,evening_rush,clear,يجب تحسين أسلوب القيادة فوراً - تجنب السرعة الزائدة والفرملة الحادة,يجب تحسين أسلوب القيادة فوراً - تجنب السرعة الزائدة والفرملة الحادة
6e1fdca0,0a2b13d1,2025-12-11 19:33:16.450636,0.0,risky,خطر,12.0,21.82,52.0,107,41,5,12.5,0.173,100.0,residential,aggressive,night,clear,يجب تحسين أسلوب القيادة فوراً - تجنب السرعة الزائدة والفرملة الحادة,يجب تحسين أسلوب القيادة فوراً - تجنب السرعة الزائدة والفرملة الحادة
d59f0994,cf92d4cb,2025-12-11 19:33:16.469360,46.47,risky,خطر,52.0,112.32,128.6,15,0,3,6.06,0.08,70.0,highway,safe,late_night,light_rain,يجب تحسين أسلوب القيادة فوراً - تجنب السرعة الزائدة والفرملة الحادة,يجب تحسين أسلوب القيادة فوراً - تجنب السرعة الزائدة والفرملة الحادة
1141917b,07567d28,2025-12-11 19:33:16.556599,0.0,risky,خطر,57.0,88.08,122.31,147,33,11,0.12,0.34,40.0,highway,moderate,morning_rush,heavy_rain,يجب تحسين أسلوب القيادة فوراً - تجنب السرعة الزائدة والفرملة الحادة,يجب تحسين أسلوب القيادة فوراً - تجنب السرعة الزائدة والفرملة الحادة
77647542,48c3194f,2025-12-11 19:33:16.651111,0.0,risky,خطر,16.0,107.18,148.07,38,7,3,14.37,0.072,40.0,highway,moderate,late_night,heavy_rain,يجب تحسين أسلوب القيادة فوراً - تجنب السرعة الزائدة والفرملة الحادة,يجب تحسين أسلوب القيادة فوراً - تجنب السرعة الزائدة والفرملة الحادة
df7f72ce,f700afc0,2025-12-11 19:33:16.669438,90.52,safe,آمن,13.0,110.79,125.25,2,0,1,7.69,0.349,40.0,highway,safe,evening_rush,heavy_rain,ممتاز! استمر على هذا الأداء,ممتاز! استمر على هذا الأداء
d70d3d05,3bec4e6b,2025-12-11 19:33:16.702909,0.0,risky,خطر,20.0,36.6,88.24,210,80,10,1.17,0.216,70.0,main_road,aggressive,night,light_rain,يجب تحسين أسلوب القيادة فوراً - تجنب السرعة الزائدة والفرملة الحادة,يجب تحسين أسلوب القيادة فوراً - تجنب السرعة الزائدة والفرملة الحادة
73e62de5,6bcb0ed6,2025-12-11 19:33:16.733695,0.0,risky,خطر,52.0,20.4,52.0,498,182,26,11.25,0.089,30.0,residential,aggressive,late_night,fog,يجب تحسين أسلوب القيادة فوراً - تجنب السرعة الزائدة والفرملة الحادة,يجب تحسين أسلوب القيادة فوراً - تجنب السرعة الزائدة والفرملة الحادة
f2e81774,93143dfd,2025-12-11 19:33:16.799773,0.0,risky,خطر,17.0,31.51,88.2,184,82,6,0.29,0.726,40.0,main_road,aggressive,morning_rush,heavy_rain,يجب تحسين أسلوب القيادة فوراً - تجنب السرعة الزائدة والفرملة الحادة,يجب تحسين أسلوب القيادة فوراً - تجنب السرعة الزائدة والفرملة الحادة
b494ff96,07c74a97,2025-12-11 19:33:16.821291,40.53,risky,خطر,42.0,78.41,90.45,8,0,7,38.89,0.456,70.0,main_road,safe,midday,light_rain,يجب تحسين أسلوب القيادة فوراً - تجنب السرعة الزائدة والفرملة الحادة,يجب تحسين أسلوب القيادة فوراً - تجنب السرعة الزائدة والفرملة الحادة
f458f457,a83a0deb,2025-12-11 19:33:16.855514,0.0,risky,خطر,23.0,29.43,78.0,219,96,15,3.26,0.957,70.0,city_street,aggressive,evening_rush,light_rain,يجب تحسين أسلوب القيادة فوراً - تجنب السرعة الزائدة والفرملة الحادة,يجب تحسين أسلوب القيادة فوراً - تجنب السرعة الزائدة والفرملة الحادة
4ddd2e7e,02766370,2025-12-11 19:33:16.880458,0.0,risky,خطر,39.0,46.56,52.0,12,0,0,95.09,0.114,70.0,residential,safe,late_night,light_rain,يجب تحسين أسلوب القيادة فوراً - تجنب السرعة الزائدة والفرملة الحادة,يجب تحسين أسلوب القيادة فوراً - تجنب السرعة الزائدة والفرملة الحادة
1b36fee8,a2f48f77,2025-12-11 19:33:16.903789,0.0,risky,خطر,43.0,95.36,133.08,126,24,9,2.21,0.374,70.0,highway,moderate,morning_rush,light_rain,يجب تحسين أسلوب القيادة فوراً - تجنب السرعة الزائدة والفرملة الحادة,يجب تحسين أسلوب القيادة فوراً - تجنب السرعة الزائدة والفرملة الحادة
29e47dfe,34384455,2025-12-11 19:33:16.946223,18.75,risky,خطر,47.0,77.1,92.15,18,0,3,33.19,0.89,100.0,main_road,safe,evening_rush,clear,يجب تحسين أسلوب القيادة فوراً - تجنب السرعة الزائدة والفرملة الحادة,يجب تحسين أسلوب القيادة فوراً - تجنب السرعة الزائدة والفرملة الحادة
74750200,08170fec,2025-12-11 19:33:16.984613,100.0,safe,آمن,5.0,44.52,58.77,0,0,0,0.0,0.711,100.0,city_street,safe,midday,clear,ممتاز! استمر على هذا الأداء,ممتاز! استمر على هذا الأداء
b708fed5,e79a181f,2025-12-11 19:33:16.989734,0.0,risky,خطر,39.0,21.54,52.0,90,24,5,4.57,0.631,30.0,residential,moderate,evening_rush,fog,يجب تحسين أسلوب القيادة فوراً - تجنب السرعة الزائدة والفرملة الحادة,يجب تحسين أسلوب القيادة فوراً - تجنب السرعة الزائدة والفرملة الحادة
c3ea0055,91b40302,2025-12-11 19:33:17.034147,0.0,risky,خطر,40.0,78.38,152.21,444,173,14,1.83,0.185,20.0,highway,aggressive,midday,sandstorm,يجب تحسين أسلوب القيادة فوراً - تجنب السرعة الزائدة والفرملة الحادة,يجب تحسين أسلوب القيادة فوراً - تجنب السرعة الزائدة والفرملة الحادة
ba40083b,e8f6329b,2025-12-11 19:33:17.090336,82.89,safe,آمن,13.0,113.27,128.47,2,0,2,14.62,0.225,20.0,highway,safe,midday,sandstorm,ممتاز! استمر على هذا الأداء,ممتاز! استمر على هذا الأداء
7a1aba5a,14c0a59a,2025-12-11 19:33:17.100412,29.99,risky,خطر,28.0,60.5,75.31,8,0,3,59.64,0.959,20.0,city_street,safe,morning_rush,sandstorm,يجب تحسين أسلوب القيادة فوراً - تجنب السرعة الزائدة والفرملة الحادة,يجب تحسين أسلوب القيادة فوراً - تجنب السرعة الزائدة والفرملة الحادة
5d46aeff,d9b39e13,2025-12-11 19:33:17.129680,81.32,safe,آمن,25.0,107.74,122.92,7,0,2,0.4,0.304,40.0,highway,safe,morning_rush,heavy_rain,ممتاز! استمر على هذا الأداء,ممتاز! استمر على هذا الأداء
06f179da,5d76b660,2025-12-11 19:33:17.146636,0.0,risky,خطر,42.0,40.43,78.0,521,291,31,19.25,0.144,40.0,city_street,distracted,late_night,heavy_rain,يجب تحسين أسلوب القيادة فوراً - تجنب السرعة الزائدة والفرملة الحادة,يجب تحسين أسلوب القيادة فوراً - تجنب السرعة الزائدة والفرملة الحادة
a5909f6d,c1fe33b9,2025-12-11 19:33:17.203980,3.0,risky,خطر,42.0,81.2,95.83,15,0,2,63.1,0.846,100.0,main_road,safe,morning_rush,clear,يجب تحسين أسلوب القيادة فوراً - تجنب السرعة الزائدة والفرملة الحادة,يجب تحسين أسلوب القيادة فوراً - تجنب السرعة الزائدة والفرملة الحادة
c59271ad,e18df9a6,2025-12-11 19:33:17.243737,88.83,safe,آمن,20.0,70.9,84.66,3,0,3,4.17,0.211,20.0,main_road,safe,night,sandstorm,ممتاز! استمر على هذا الأداء,ممتاز! استمر على هذا الأداء
31c96043,9600c964,2025-12-11 19:33:17.266305,0.0,risky,خطر,23.0,23.37,78.0,243,82,7,1.59,0.96,30.0,city_street,aggressive,evening_rush,fog,يجب تحسين أسلوب القيادة فوراً - تجنب السرعة الزائدة والفرملة الحادة,يجب تحسين أسلوب القيادة فوراً - تجنب السرعة الزائدة والفرملة الحادة
9e204c1c,d81f83ff,2025-12-11 19:33:17.296745,0.0,risky,خطر,22.0,69.59,141.83,231,88,12,0.83,0.076,70.0,highway,aggressive,late_night,light_rain,يجب تحسين أسلوب القيادة فوراً - تجنب السرعة الزائدة والفرملة الحادة,يجب تحسين أسلوب القيادة فوراً - تجنب السرعة الزائدة والفرملة الحادة
f6d6e723,3f549672,2025-12-11 19:33:17.326756,0.0,risky,خطر,20.0,53.77,104.0,216,84,7,8.25,0.172,70.0,main_road,aggressive,night,light_rain,يجب تحسين أسلوب القيادة فوراً - تجنب السرعة الزائدة والفرملة الحادة,يجب تحسين أسلوب القيادة فوراً - تجنب السرعة الزائدة والفرملة الحادة
e1f2ff49,e6a6957a,2025-12-11 19:33:17.346233,0.0,risky,خطر,21.0,19.29,52.0,225,112,19,11.43,0.616,100.0,residential,distracted,morning_rush,clear,يجب تحسين أسلوب القيادة فوراً - تجنب السرعة الزائدة والفرملة الحادة,يجب تحسين أسلوب القيادة فوراً - تجنب السرعة الزائدة والفرملة الحادة
3427eace,ed291b5a,2025-12-11 19:33:17.365908,16.45,risky,خطر,8.0,86.82,99.15,3,0,0,91.25,0.239,30.0,main_road,safe,night,fog,يجب تحسين أسلوب القيادة فوراً - تجنب السرعة الزائدة والفرملة الحادة,يجب تحسين أسلوب القيادة فوراً - تجنب السرعة الزائدة والفرملة الحادة
ce02853c,04818d39,2025-12-11 19:33:17.379191,0.0,risky,خطر,53.0,48.33,104.0,644,362,44,8.08,0.897,40.0,main_road,distracted,evening_rush,heavy_rain,يجب تحسين أسلوب القيادة فوراً - تجنب السرعة الزائدة والفرملة الحادة,يجب تحسين أسلوب القيادة فوراً - تجنب السرعة الزائدة والفرملة الحادة
9e403870,e7d39052,2025-12-11 19:33:17.457426,7.17,risky,خطر,10.0,94.94,129.6,25,8,4,1.67,0.076,70.0,highway,moderate,late_night,light_rain,يجب تحسين أسلوب القيادة فوراً - تجنب السرعة الزائدة والفرملة الحادة,يجب تحسين أسلوب القيادة فوراً - تجنب السرعة الزائدة والفرملة الحادة
ae0a5030,889ec43c,2025-12-11 19:33:17.466761,0.0,risky,خطر,20.0,59.32,94.31,46,12,5,4.42,0.684,100.0,main_road,moderate,morning_rush,clear,يجب تحسين أسلوب القيادة فوراً - تجنب السرعة الزائدة والفرملة الحادة,يجب تحسين أسلوب القيادة فوراً - تجنب السرعة الزائدة والفرملة الحادة
5d222e2d,1e6533cf,2025-12-11 19:33:17.488482,0.0,risky,خطر,40.0,82.07,113.45,117,30,7,0.0,0.47,20.0,highway,moderate,evening_rush,sandstorm,يجب تحسين أسلوب القيادة فوراً - تجنب السرعة الزائدة والفرملة الحادة,يجب تحسين أسلوب القيادة فوراً - تجنب السرعة الزائدة والفرملة الحادة
ddb52c27,a7df35f7,2025-12-11 19:33:17.525876,0.0,risky,خطر,26.0,90.26,122.41,56,15,2,0.26,0.125,70.0,highway,moderate,night,light_rain,يجب تحسين أسلوب القيادة فوراً - تجنب السرعة الزائدة والفرملة الحادة,يجب تحسين أسلوب القيادة فوراً - تجنب السرعة الزائدة والفرملة الحادة
6003dc1e,87f9cf49,2025-12-11 19:33:17.545981,0.0,risky,خطر,35.0,31.86,78.0,413,239,22,10.33,0.684,20.0,city_street,distracted,midday,sandstorm,يجب تحسين أسلوب القيادة فوراً - تجنب السرعة الزائدة والفرملة الحادة,يجب تحسين أسلوب القيادة فوراً - تجنب السرعة الزائدة والفرملة الحادة
b20401a6,0a05ef1a,2025-12-11 19:33:17.591795,39.39,risky,خطر,49.0,38.73,52.0,9,0,3,41.5,0.337,20.0,residential,safe,midday,sandstorm,يجب تحسين أسلوب القيادة فوراً - تجنب السرعة الزائدة والفرملة الحادة,يجب تحسين أسلوب القيادة فوراً - تجنب السرعة الزائدة والفرملة الحادة
f8c0f63d,4583bf70,2025-12-11 19:33:17.633119,0.0,risky,خطر,51.0,73.82,131.94,517,204,22,0.72,0.33,20.0,highway,aggressive,morning_rush,sandstorm,يجب تحسين أسلوب القيادة فوراً - تجنب السرعة الزائدة والفرملة الحادة,يجب تحسين أسلوب القيادة فوراً - تجنب السرعة الزائدة والفرملة الحادة
97bb620c,4ed3e84e,2025-12-11 19:33:17.694785,0.0,risky,خطر,32.0,23.29,52.0,71,19,6,7.97,0.536,70.0,residential,moderate,morning_rush,light_rain,يجب تحسين أسلوب القيادة فوراً - تجنب السرعة الزائدة والفرملة الحادة,يجب تحسين أسلوب القيادة فوراً - تجنب السرعة الزائدة والفرملة الحادة
ff89f4d4,b8f9ed7c,2025-12-11 19:33:17.723993,0.0,risky,خطر,38.0,38.53,104.0,402,162,26,1.58,0.671,30.0,main_road,aggressive,morning_rush,fog,يجب تحسين أسلوب القيادة فوراً - تجنب السرعة الزائدة والفرملة الحادة,يجب تحسين أسلوب القيادة فوراً - تجنب السرعة الزائدة والفرملة الحادة
712105d5,9e322182,2025-12-11 19:33:17.773796,58.06,moderate,معتدل,15.0,115.46,129.51,6,0,0,30.89,0.125,40.0,highway,safe,night,heavy_rain,جيد، لكن يمكن تحسين القيادة بتقليل الفرملة الحادة,جيد، لكن يمكن تحسين القيادة بتقليل الفرملة الحادة
c8511482,ae7ca373,2025-12-11 19:33:17.787713,72.54,moderate,معتدل,5.0,39.47,69.21,9,1,0,3.0,0.641,20.0,city_street,moderate,midday,sandstorm,جيد، لكن يمكن تحسين القيادة بتقليل الفرملة الحادة,جيد، لكن يمكن تحسين القيادة بتقليل الفرملة الحادة
822031af,aa52d701,2025-12-11 19:33:17.792722,0.0,risky,خطر,25.0,21.24,50.61,71,18,3,4.53,0.358,100.0,residential,moderate,midday,clear,يجب تحسين أسلوب القيادة فوراً - تجنب السرعة الزائدة والفرملة الحادة,يجب تحسين أسلوب القيادة فوراً - تجنب السرعة الزائدة والفرملة الحادة
f13eb100,66765550,2025-12-11 19:33:17.816541,54.16,moderate,معتدل,56.0,65.37,82.78,17,0,3,0.12,0.918,30.0,main_road,safe,evening_rush,fog,جيد، لكن يمكن تحسين القيادة بتقليل الفرملة الحادة,جيد، لكن يمكن تحسين القيادة بتقليل الفرملة الحادة
d13c9db7,0ab44c30,2025-12-11 19:33:17.859643,0.0,risky,خطر,23.0,73.72,144.53,293,160,15,2.17,0.334,20.0,highway,distracted,evening_rush,sandstorm,يجب تحسين أسلوب القيادة فوراً - تجنب السرعة الزائدة والفرملة الحادة,يجب تحسين أسلوب القيادة فوراً - تجنب السرعة الزائدة والفرملة الحادة
adf8fd4d,e914bbe1,2025-12-11 19:33:17.884426,0.0,risky,خطر,12.0,50.6,104.0,147,82,8,10.28,0.806,40.0,main_road,distracted,evening_rush,heavy_rain,يجب تحسين أسلوب القيادة فوراً - تجنب السرعة الزائدة والفرملة الحادة,يجب تحسين أسلوب القيادة فوراً - تجنب السرعة الزائدة والفرملة الحادة
498b7bba,f6ccefc7,2025-12-11 19:33:17.894904,34.34,risky,خطر,8.0,102.32,132.84,19,1,0,8.54,0.106,40.0,highway,moderate,night,heavy_rain,يجب تحسين أسلوب القيادة فوراً - تجنب السرعة الزائدة والفرملة الحادة,يجب تحسين أسلوب القيادة فوراً - تجنب السرعة الزائدة والفرملة الحادة
6945914d,249a972b,2025-12-11 19:33:17.901329,0.0,risky,خطر,22.0,44.26,78.0,222,71,9,18.56,0.345,40.0,city_street,aggressive,night,heavy_rain,يجب تحسين أسلوب القيادة فوراً - تجنب السرعة الزائدة والفرملة الحادة,يجب تحسين أسلوب القيادة فوراً - تجنب السرعة الزائدة والفرملة الحادة
b9257a48,f96c69d0,2025-12-11 19:33:17.928410,0.0,risky,خطر,43.0,57.72,92.48,96,29,8,3.95,0.205,30.0,main_road,moderate,night,fog,يجب تحسين أسلوب القيادة فوراً - تجنب السرعة الزائدة والفرملة الحادة,يجب تحسين أسلوب القيادة فوراً - تجنب السرعة الزائدة والفرملة الحادة
e8ead06d,6733e443,2025-12-11 19:33:17.965719,0.0,risky,خطر,57.0,47.57,52.0,14,0,3,96.43,0.093,100.0,residential,safe,late_night,clear,يجب تحسين أسلوب القيادة فوراً - تجنب السرعة الزائدة والفرملة الحادة,يجب تحسين أسلوب القيادة فوراً - تجنب السرعة الزائدة والفرملة الحادة
48a9b681,4f0083cf,2025-12-11 19:33:18.001647,0.0,risky,خطر,10.0,58.38,112.44,96,27,8,0.0,0.174,100.0,highway,aggressive,midday,clear,يجب تحسين أسلوب القيادة فوراً - تجنب السرعة الزائدة والفرملة الحادة,يجب تحسين أسلوب القيادة فوراً - تجنب السرعة الزائدة والفرملة الحادة
8e59df55,b4034cd0,2025-12-11 19:33:18.019269,0.0,risky,خطر,43.0,22.32,52.0,503,267,25,15.78,0.179,100.0,residential,distracted,night,clear,يجب تحسين أسلوب القيادة فوراً - تجنب السرعة الزائدة والفرملة الحادة,يجب تحسين أسلوب القيادة فوراً - تجنب السرعة الزائدة والفرملة الحادة
3e68eeaf,04de40e7,2025-12-11 19:33:18.088463,54.65,moderate,معتدل,26.0,57.28,71.45,6,0,1,31.09,0.291,100.0,city_street,safe,night,clear,جيد، لكن يمكن تحسين القيادة بتقليل الفرملة الحادة,جيد، لكن يمكن تحسين القيادة بتقليل الفرملة الحادة
ebf978a7,00a13ae2,2025-12-11 19:33:18.112098,0.0,risky,خطر,44.0,71.23,133.8,468,178,35,0.23,0.126,20.0,highway,aggressive,night,sandstorm,يجب تحسين أسلوب القيادة فوراً - تجنب السرعة الزائدة والفرملة الحادة,يجب تحسين أسلوب القيادة فوراً - تجنب السرعة الزائدة والفرملة الحادة
ff5adb6c,86d40ef7,2025-12-11 19:33:18.170521,0.5,risky,خطر,52.0,38.23,51.89,23,0,3,37.34,0.287,40.0,residential,safe,midday,heavy_rain,يجب تحسين أسلوب القيادة فوراً - تجنب السرعة الزائدة والفرملة الحادة,يجب تحسين أسلوب القيادة فوراً - تجنب السرعة الزائدة والفرملة الحادة
4370c522,14ab57d5,2025-12-11 19:33:18.206915,0.0,risky,خطر,21.0,98.74,140.26,54,11,2,4.29,0.098,30.0,highway,moderate,night,fog,يجب تحسين أسلوب القيادة فوراً - تجنب السرعة الزائدة والفرملة الحادة,يجب تحسين أسلوب القيادة فوراً - تجنب السرعة الزائدة والفرملة الحادة
79689d6f,47e846b6,2025-12-11 19:33:18.230642,0.0,risky,خطر,28.0,71.75,122.9,291,120,17,0.06,0.066,30.0,highway,aggressive,late_night,fog,يجب تحسين أسلوب القيادة فوراً - تجنب السرعة الزائدة والفرملة الحادة,يجب تحسين أسلوب القيادة فوراً - تجنب السرعة الزائدة والفرملة الحادة
e75ab2fe,cb286f2b,2025-12-11 19:33:18.270474,0.0,risky,خطر,24.0,26.46,52.0,72,7,3,11.88,0.115,100.0,residential,moderate,late_night,clear,يجب تحسين أسلوب القيادة فوراً - تجنب السرعة الزائدة والفرملة الحادة,يجب تحسين أسلوب القيادة فوراً - تجنب السرعة الزائدة والفرملة الحادة
e2cd4170,3ddd2b68,2025-12-11 19:33:18.292916,66.45,moderate,معتدل,39.0,47.53,64.48,12,0,4,0.56,0.647,20.0,city_street,safe,midday,sandstorm,جيد، لكن يمكن تحسين القيادة بتقليل الفرملة الحادة,جيد، لكن يمكن تحسين القيادة بتقليل الفرملة الحادة
a7aaa0a2,c2c42abf,2025-12-11 19:33:18.328236,33.54,risky,خطر,54.0,110.65,124.41,22,0,3,2.19,0.222,40.0,highway,safe,midday,heavy_rain,يجب تحسين أسلوب القيادة فوراً - تجنب السرعة الزائدة والفرملة الحادة,يجب تحسين أسلوب القيادة فوراً - تجنب السرعة الزائدة والفرملة الحادة
e703907d,ef33d7dd,2025-12-11 19:33:18.363060,0.0,risky,خطر,30.0,41.22,99.16,342,125,8,0.89,0.347,100.0,main_road,aggressive,midday,clear,يجب تحسين أسلوب القيادة فوراً - تجنب السرعة الزائدة والفرملة الحادة,يجب تحسين أسلوب القيادة فوراً - تجنب السرعة الزائدة والفرملة الحادة
e0af0c88,3819c1bf,2025-12-11 19:33:18.393276,0.0,risky,خطر,54.0,81.07,155.81,671,369,33,3.55,0.431,30.0,highway,distracted,evening_rush,fog,يجب تحسين أسلوب القيادة فوراً - تجنب السرعة الزائدة والفرملة الحادة,يجب تحسين أسلوب القيادة فوراً - تجنب السرعة الزائدة والفرملة الحادة
312a4ace,38f29c02,2025-12-11 19:33:18.475951,0.0,risky,خطر,59.0,28.93,78.0,614,249,27,4.18,0.335,30.0,city_street,aggressive,night,fog,يجب تحسين أسلوب القيادة فوراً - تجنب السرعة الزائدة والفرملة الحادة,يجب تحسين أسلوب القيادة فوراً - تجنب السرعة الزائدة والفرملة الحادة
e45feb74,d6392d27,2025-12-11 19:33:18.561215,0.0,risky,خطر,12.0,26.19,78.0,105,33,6,1.53,0.502,100.0,city_street,aggressive,midday,clear,يجب تحسين أسلوب القيادة فوراً - تجنب السرعة الزائدة والفرملة الحادة,يجب تحسين أسلوب القيادة فوراً - تجنب السرعة الزائدة والفرملة الحادة
fdcd0b16,054f868d,2025-12-11 19:33:18.576755,0.0,risky,خطر,40.0,24.79,52.0,444,232,29,20.17,0.136,30.0,residential,distracted,night,fog,يجب تحسين أسلوب القيادة فوراً - تجنب السرعة الزائدة والفرملة الحادة,يجب تحسين أسلوب القيادة فوراً - تجنب السرعة الزائدة والفرملة الحادة
6f7cd288,1fcf672e,2025-12-11 19:33:18.629384,0.0,risky,خطر,41.0,21.44,52.0,393,152,27,14.59,0.094,30.0,residential,aggressive,late_night,fog,يجب تحسين أسلوب القيادة فوراً - تجنب السرعة الزائدة والفرملة الحادة,يجب تحسين أسلوب القيادة فوراً - تجنب السرعة الزائدة والفرملة الحادة
